created_at,updated_at,owner_id,link_id,collected_at,internal_identification,first_name,last_name,second_last_name,business_name,email,phone_number,address,document_type,document_number
2022-07-01T07:52:00.274119Z,2022-07-01T07:52:00.274549Z,95564b69-1717-4119-92cf-c2c21cbf4abe,6adb297a-3a60-4ef8-a669-a914c53e6534,2022-07-01T07:51:51.556486Z,39aff09f,Armando,Correa,Candelaria,,tvaldez@hotmail.com,(925)010-2624x0931,"Cerrada Michoacán de Ocampo 101 Edif. 683 , Depto. 976
San Teodoro los bajos, NL 83581-4632",CURP,CATZ200625MGTVZSA6
2022-07-03T11:20:50.316562Z,2022-07-03T11:20:50.316791Z,64b575b8-4b5c-4fd0-a2bd-a25044a0addf,d4558a23-8015-426a-ab6e-427c2e6bf0f2,2022-07-01T21:58:00.571284Z,d08d4820,Adalberto,Pedroza,Rentería,,vcotto@rael-angulo.com,+90(1)5773954127,"Pasaje Norte Rodríguez 021 517
Nueva Antigua y Barbuda, MOR 14254",CURP,TAKX551103HCLGYN00
2022-07-07T22:16:59.426921Z,2022-07-07T22:16:59.427151Z,7318cdbe-0a34-42cd-a527-19de03fa8f52,5e2ed1a3-3dbe-4825-882b-9bd19af83125,2022-07-07T21:56:18.330760Z,0a3b8def,Luisa,Coronado,Corona,,caridadviera@yahoo.com,(870)552-4972,"Calle República Árabe Siria 120 530
San Arcelia los bajos, MICH 86359",CURP,KEEI620605HJCRYY01
2022-07-07T06:00:18.622181Z,2022-07-07T06:00:18.622431Z,aeddf8fc-0502-4c71-8ae9-60270e35223f,02ab33a9-a455-4e30-9c67-2f7f1bc22b3b,2022-07-06T21:17:18.086215Z,3e20a97a,Silvia,Franco,Quiñónez,,hregalado@arevalo.net,1-771-998-6186x67465,"Circunvalación Tapia 671 213
Nueva Belice, QRO 98963",CURP,UOIK470425HMNJWQ07
2022-07-01T11:10:12.277996Z,2022-07-01T11:10:12.278347Z,90684de9-9182-4be3-ab0b-1ad4c519723e,f8018f94-9951-41f8-abd7-85e0838b9256,2022-07-01T11:10:08.849638Z,ab41149c,Marisol,Irizarry,Salinas,,rolando68@griego-aguilera.com,(080)351-5980x0789,"Viaducto Rwanda 008 192
Nueva Malta, CHIS 86285-1534",CURP,DUUJ001203HSRNQRA3
2022-07-01T11:21:45.238068Z,2022-07-01T11:21:45.23831Z,8537b5b5-70d0-4609-84c6-65a76d3d9705,a9dee606-77e9-48aa-b9cd-62b899f05f98,2022-07-01T11:21:41.540572Z,473b0d40,Alejandro,Esparza,Alonso,,jorgegiron@cardona-sandoval.org,208.295.2080,"Eje vial Indonesia 888 093
Nueva Noruega, OAX 91837",Cédula de Ciudadanía,45684818
2022-07-08T15:23:18.601759Z,2022-07-08T15:23:18.602021Z,fab799ea-793a-4819-beef-1adf77a8bd1c,995401a3-f420-4488-8360-11ef08b5af0c,2022-07-08T15:23:14.617060Z,453d50cb,Júlia,Aragão,da Rosa,,agatha31@uol.com.br,+55 84 1403-0757,"Residencial Pinto, 41
Dom Silverio
66076795 Alves / PA",CPF,729.158.640-20
2022-07-04T01:07:56.244296Z,2022-07-08T12:40:18.406819Z,f30fb50b-fae6-4b63-8890-66d31fe1a04d,6ebdbad9-3ef3-4d41-8a0e-15cf440521e4,2022-07-04T01:07:52.371154Z,3fdb8431,Carolina,Novaes,Azevedo,,uda-rocha@cardoso.com,+55 (051) 7981 7561,"Condomínio Evelyn Silva, 70
Madre Gertrudes
54243508 Campos da Praia / RR",CPF,057.182.349-14
2022-07-21T02:35:49.103657Z,2022-07-21T02:35:49.103894Z,6c7b6b26-e653-447e-ad81-6ea2b10a0592,0d587a16-e48c-4f01-8f90-9405a1da46e8,2022-07-18T04:08:46.865723Z,e9d47117,Daniel,Porto,Silva,,mdias@ferreira.net,+55 (011) 8437-5309,"Chácara de Oliveira, 11
Vila Atila De Paiva
32657-732 Cardoso de Pereira / BA",CNPJ,71.021.216/0742-49
2022-07-04T01:21:38.149743Z,2022-07-07T21:35:54.743845Z,ff941b92-fd84-41c0-841f-c65dd55ee1c3,7bb5d4eb-b347-4a99-8bb4-e843bfcb9f91,2022-07-04T01:21:34.285908Z,00ca3331,Erick,da Rocha,Pereira,,kfernandes@da.com,71 9155 2474,"Vereda Barros, 7
Vila Bandeirantes
52229-414 Ferreira / SP",CPF,210.785.469-67
2022-07-04T01:57:26.538118Z,2022-07-04T01:57:26.53835Z,847b862d-3c5c-4e5d-a246-e9f78958aef8,7c81871f-2835-4855-8463-b141fb978c0a,2022-07-04T00:19:48.260920Z,b9d5753f,Samuel,Olmos,Cotto,,estradajorge-luis@gmail.com,183-936-0205x3908,"Circunvalación Norte Quintana 159 058
San Judith de la Montaña, CAMP 53347-7154",CURP,BOKT250128MNETLN07
2022-07-04T01:57:31.144489Z,2022-07-04T01:57:31.144723Z,e4461631-de9a-43ca-a1f7-7e647789ecd7,9ecb29e5-e401-40a3-a502-64381203b9a0,2022-07-04T01:57:23.938602Z,f6a7cc1a,Óliver,Figueroa,Carranza,,icervantes@hotmail.com,(283)033-8965,"Callejón Norte Alvarado 064 Interior 745
Nueva Kirguistán, HGO 72184-9342",CURP,MAUM990625HTSHNI03
2022-07-01T14:34:59.369887Z,2022-07-07T21:25:51.314479Z,1a7ce006-7abc-42de-bed1-c79bb96a629b,a1987c87-354e-459f-808f-95ee7df81a55,2022-07-01T14:34:55.357213Z,69ec8fa8,Vicente,Teixeira,Santos,,ferreirakamilly@yahoo.com.br,+55 (061) 8885 2069,"Morro Ana Lívia Melo, 49
Vila Da Paz
29802877 da Mata / MS",CPF,946.207.158-67
2022-07-13T18:10:19.648865Z,2022-07-13T18:10:19.649098Z,7752dfb6-9fed-445d-9e49-d991199c791d,35b01e0d-8cfa-44e1-8758-358dda2933b3,2022-07-13T11:31:06.057187Z,bb1bfc03,Cristal,Baeza,Corral,,cejajoaquin@yahoo.com,222.520.3620,"Viaducto Velázquez 778 Interior 904
Nueva Malasia, SLP 00283-5595",CURP,QOWG781113HJCJHR01
2022-07-08T15:25:38.864806Z,2022-07-08T15:25:38.865032Z,5a2da1fd-51fa-44c3-becc-33ac4e0e4deb,2c4dcc41-b4c4-4518-b365-1f165eea27ca,2022-07-08T14:46:09.072750Z,b1eaf0ac,Guadalupe,Gamboa,Haro,,tmarroquin@osorio.com,1-447-774-0603x1079,"Peatonal Nuevo León 667 235
San René los altos, CAMP 84466-3067",CURP,YERA211028HMNQVK08
2022-07-28T19:30:36.968947Z,2022-07-28T19:30:36.969196Z,5e6e9f80-b42e-477a-8038-50a739443266,7b6f82f8-0e0b-4d57-8e70-e77f1f946624,2022-07-28T19:30:30.092621Z,41406f0d,César,Vélez,Melgar,,cristianpina@gmail.com,+80(4)1687426326,"Circunvalación Quiñones 534 Interior 522
San Jerónimo de la Montaña, CHIS 84297-9280",CURP,DORQ130825MQRSQD07
2022-07-01T12:05:58.799785Z,2022-07-07T19:10:34.191701Z,2d290682-89d6-4aef-b2d0-7cdb4965a14c,893ace2e-35ab-4706-9856-4d80be5aa16b,2022-07-01T12:05:54.964755Z,c511c783,Luana,Cavalcanti,da Luz,,daniela81@hotmail.com,+55 (031) 2848-1890,"Viaduto de Gomes, 653
Vila Coqueiral
13277375 Martins / CE",CPF,503.268.471-62
2022-07-01T12:07:35.363459Z,2022-07-07T17:15:19.404201Z,483b4763-c224-4aa0-8880-8722cbd94f34,d47bffb8-b3bc-4bfa-a9f2-a9af618a5dbc,2022-07-01T12:07:31.570007Z,1fee6107,Ana Julia,Rodrigues,Oliveira,,luiz-henriqueda-conceicao@bol.com.br,(041) 3165 1352,"Estação Fernando Novaes, 91
Oeste
41718295 Farias de Fernandes / RN",CPF,806.924.753-38
2022-07-01T12:02:58.479031Z,2022-07-07T21:40:55.836639Z,c8d84d1a-4b3c-464c-ac47-1ca786f3917b,a2a846a2-9fdb-436a-8d6f-fa3cd2b8fe11,2022-07-01T12:02:54.763941Z,692f06b5,Gustavo,Cardoso,Mendes,,araujosophia@sales.br,+55 41 8298-3775,"Praia de Nogueira, 4
Bacurau
11593056 Nogueira de Fernandes / PR",CPF,802.649.735-00
2022-07-07T22:17:05.296444Z,2022-07-07T22:17:05.296659Z,c58915bf-082c-432a-a004-65ac50792700,ed85d65a-0c96-4337-84fc-b74f4a4fcc19,2022-07-07T22:16:56.814569Z,f4802af8,Raúl,Medrano,Zamora,,perla54@gmail.com,166-975-9239,"Continuación Sur Apodaca 270 Edif. 017 , Depto. 920
Vieja Bhután, PUE 48689",CURP,XUQB710728MBSJVN05
